{
  "best_global_step": null,
  "best_metric": null,
  "best_model_checkpoint": null,
  "epoch": 1.0,
  "eval_steps": 1,
  "global_step": 5,
  "is_hyper_param_search": false,
  "is_local_process_zero": true,
  "is_world_process_zero": true,
  "log_history": [
    {
      "entropy": 1.937858670949936,
      "epoch": 0.2,
      "grad_norm": 5.926783561706543,
      "learning_rate": 0.0,
      "logits/chosen": -3.3890477448200302,
      "logits/rejected": -3.6641606092071335,
      "logps/chosen": -120.35446548461914,
      "logps/rejected": -119.0899486541748,
      "loss": 0.8000146150588989,
      "mean_token_accuracy": 0.6088735535740852,
      "num_tokens": 1413.0,
      "rewards/accuracies": 0.0,
      "rewards/chosen": -0.2271410059183836,
      "rewards/margins": -0.20264902897179127,
      "rewards/rejected": -0.02449197862733854,
      "step": 1
    },
    {
      "epoch": 0.2,
      "eval_entropy": 2.1465450078248978,
      "eval_logits/chosen": -3.5308872130598448,
      "eval_logits/rejected": -3.5488541381500123,
      "eval_logps/chosen": -129.00298023223877,
      "eval_logps/rejected": -121.2287015914917,
      "eval_loss": 0.7645038962364197,
      "eval_mean_token_accuracy": 0.5556062795221806,
      "eval_num_tokens": 1413.0,
      "eval_rewards/accuracies": 0.0,
      "eval_rewards/chosen": -0.16827812604606152,
      "eval_rewards/margins": -0.13683348055928946,
      "eval_rewards/rejected": -0.031444645719602704,
      "eval_runtime": 47.2897,
      "eval_samples_per_second": 0.169,
      "eval_steps_per_second": 0.169,
      "step": 1
    },
    {
      "entropy": 2.0079199075698853,
      "epoch": 0.4,
      "grad_norm": 4.408240795135498,
      "learning_rate": 2.5e-05,
      "logits/chosen": -3.342408109693323,
      "logits/rejected": -3.572136121401304,
      "logps/chosen": -119.77114295959473,
      "logps/rejected": -115.75624942779541,
      "loss": 0.7454126477241516,
      "mean_token_accuracy": 0.6342951655387878,
      "num_tokens": 2789.0,
      "rewards/accuracies": 0.0,
      "rewards/chosen": -0.12044468196108937,
      "rewards/margins": -0.1011279127560556,
      "rewards/rejected": -0.019316768855787814,
      "step": 2
    },
    {
      "epoch": 0.4,
      "eval_entropy": 2.1446164697408676,
      "eval_logits/chosen": -3.5323639221690377,
      "eval_logits/rejected": -3.5510995904519986,
      "eval_logps/chosen": -128.74414539337158,
      "eval_logps/rejected": -121.85901355743408,
      "eval_loss": 0.7178968191146851,
      "eval_mean_token_accuracy": 0.5556062795221806,
      "eval_num_tokens": 2789.0,
      "eval_rewards/accuracies": 0.25,
      "eval_rewards/chosen": -0.14239464234560728,
      "eval_rewards/margins": -0.047918799333274364,
      "eval_rewards/rejected": -0.09447584208101034,
      "eval_runtime": 48.4341,
      "eval_samples_per_second": 0.165,
      "eval_steps_per_second": 0.165,
      "step": 2
    },
    {
      "entropy": 2.376533657312393,
      "epoch": 0.6,
      "grad_norm": 5.5073161125183105,
      "learning_rate": 5e-05,
      "logits/chosen": -3.648420407081942,
      "logits/rejected": -3.541576051457043,
      "logps/chosen": -126.7061882019043,
      "logps/rejected": -126.48227596282959,
      "loss": 0.7053996920585632,
      "mean_token_accuracy": 0.5489945113658905,
      "num_tokens": 4051.0,
      "rewards/accuracies": 0.375,
      "rewards/chosen": -0.11635704291984439,
      "rewards/margins": -0.023639203049242496,
      "rewards/rejected": -0.09271784033626318,
      "step": 3
    },
    {
      "epoch": 0.6,
      "eval_entropy": 2.1387636214494705,
      "eval_logits/chosen": -3.5345578564006273,
      "eval_logits/rejected": -3.5543647862607646,
      "eval_logps/chosen": -128.2716989517212,
      "eval_logps/rejected": -124.11369037628174,
      "eval_loss": 0.5909042358398438,
      "eval_mean_token_accuracy": 0.5576554648578167,
      "eval_num_tokens": 4051.0,
      "eval_rewards/accuracies": 0.875,
      "eval_rewards/chosen": -0.09514999570092186,
      "eval_rewards/margins": 0.2247935337945819,
      "eval_rewards/rejected": -0.3199435258284211,
      "eval_runtime": 48.8745,
      "eval_samples_per_second": 0.164,
      "eval_steps_per_second": 0.164,
      "step": 3
    },
    {
      "entropy": 2.112701505422592,
      "epoch": 0.8,
      "grad_norm": 4.104034900665283,
      "learning_rate": 3.3333333333333335e-05,
      "logits/chosen": -3.4256915532094094,
      "logits/rejected": -3.617444768439195,
      "logps/chosen": -114.93350791931152,
      "logps/rejected": -121.59003734588623,
      "loss": 0.6041123867034912,
      "mean_token_accuracy": 0.5903036445379257,
      "num_tokens": 5380.0,
      "rewards/accuracies": 1.0,
      "rewards/chosen": -0.09728622518014163,
      "rewards/margins": 0.18961897399276495,
      "rewards/rejected": -0.2869051997549832,
      "step": 4
    },
    {
      "epoch": 0.8,
      "eval_entropy": 2.1342826783657074,
      "eval_logits/chosen": -3.5358530039547693,
      "eval_logits/rejected": -3.5563926335787674,
      "eval_logps/chosen": -127.97542381286621,
      "eval_logps/rejected": -125.63079929351807,
      "eval_loss": 0.5178828835487366,
      "eval_mean_token_accuracy": 0.55952113494277,
      "eval_num_tokens": 5380.0,
      "eval_rewards/accuracies": 1.0,
      "eval_rewards/chosen": -0.06552247982472181,
      "eval_rewards/margins": 0.4061319464817643,
      "eval_rewards/rejected": -0.47165442537516356,
      "eval_runtime": 49.4492,
      "eval_samples_per_second": 0.162,
      "eval_steps_per_second": 0.162,
      "step": 4
    },
    {
      "entropy": 2.2126768231391907,
      "epoch": 1.0,
      "grad_norm": 3.720149040222168,
      "learning_rate": 1.6666666666666667e-05,
      "logits/chosen": -3.400219113244342,
      "logits/rejected": -3.770386985569848,
      "logps/chosen": -117.37821292877197,
      "logps/rejected": -125.9331865310669,
      "loss": 0.5195786356925964,
      "mean_token_accuracy": 0.600311242043972,
      "num_tokens": 6698.0,
      "rewards/accuracies": 1.0,
      "rewards/chosen": -0.06721277243923396,
      "rewards/margins": 0.39013720862567425,
      "rewards/rejected": -0.4573499783873558,
      "step": 5
    },
    {
      "epoch": 1.0,
      "eval_entropy": 2.1320129930973053,
      "eval_logits/chosen": -3.5365506299505425,
      "eval_logits/rejected": -3.557639101319956,
      "eval_logps/chosen": -127.83081245422363,
      "eval_logps/rejected": -126.38524913787842,
      "eval_loss": 0.4840400218963623,
      "eval_mean_token_accuracy": 0.5583847723901272,
      "eval_num_tokens": 6698.0,
      "eval_rewards/accuracies": 1.0,
      "eval_rewards/chosen": -0.051061344682238996,
      "eval_rewards/margins": 0.496038056910038,
      "eval_rewards/rejected": -0.5470994058996439,
      "eval_runtime": 48.2044,
      "eval_samples_per_second": 0.166,
      "eval_steps_per_second": 0.166,
      "step": 5
    }
  ],
  "logging_steps": 1,
  "max_steps": 5,
  "num_input_tokens_seen": 0,
  "num_train_epochs": 1,
  "save_steps": 5,
  "stateful_callbacks": {
    "TrainerControl": {
      "args": {
        "should_epoch_stop": false,
        "should_evaluate": false,
        "should_log": false,
        "should_save": true,
        "should_training_stop": true
      },
      "attributes": {}
    }
  },
  "total_flos": 50451342336000.0,
  "train_batch_size": 1,
  "trial_name": null,
  "trial_params": null
}
